"","Damage","Ratio"
"AngelofLibra",2517468020156.33,0.0727
"AngelRay",17725147592440.9,0.5075
"Bahamut",462570550593.353,0.0133
"Bigbang",5653196533.29153,0.0002
"DivinePunishment",8694285382900.48,0.2524
"EnergyBolt",13974245.9460572,0
"Genesis",14307472707.7131,0.0005
"HeavensDoor",497479499602.718,0.0145
"HolyArrow",265472626.006271,0
"PeaceMaker",3726535264439.53,0.1072
"ShiningRay",989321152.977808,0
"SpiderInMirror",1137131920839.36,0.0316
